{
    "0": [
        "254"
    ],
    "1": [
        "929"
    ],
    "2": [
        "348"
    ],
    "3": [
        "316"
    ],
    "4": [
        "329",
        "177",
        "332"
    ],
    "5": [
        "33"
    ],
    "6": [
        "89"
    ],
    "7": [
        "270"
    ],
    "8": [
        "20"
    ],
    "9": [
        "21"
    ],
    "10": [
        "29"
    ],
    "11": [
        "625"
    ],
    "12": [
        "1205"
    ],
    "13": [
        "330"
    ],
    "14": [
        "139"
    ],
    "15": [
        "730"
    ],
    "16": [
        "297"
    ],
    "17": [
        "603"
    ],
    "18": [
        "278"
    ],
    "19": [
        "206"
    ],
    "20": [
        "342"
    ],
    "21": [
        "301"
    ],
    "22": [
        "102"
    ],
    "23": [
        "1037"
    ],
    "24": [
        "57"
    ],
    "25": [
        "159"
    ],
    "26": [
        "194"
    ],
    "27": [
        "585"
    ],
    "28": [
        "1244"
    ],
    "29": [
        "80"
    ],
    "30": [
        "619",
        "154",
        "665",
        "1119",
        "632",
        "144"
    ],
    "31": [
        "932"
    ],
    "32": [
        "832"
    ],
    "33": [
        "803"
    ],
    "34": [
        "319"
    ],
    "35": [
        "294"
    ],
    "36": [
        "212"
    ],
    "37": [
        "367"
    ],
    "38": [
        "1022"
    ],
    "39": [
        "171"
    ],
    "40": [
        "534",
        "847",
        "797",
        "707",
        "228"
    ],
    "41": [
        "54"
    ],
    "42": [
        "723"
    ],
    "43": [
        "1019"
    ],
    "44": [
        "268",
        "850",
        "118",
        "75",
        "77",
        "165",
        "289",
        "70",
        "218"
    ],
    "45": [
        "286"
    ],
    "46": [
        "1228"
    ],
    "47": [
        "222"
    ],
    "48": [
        "66"
    ],
    "49": [
        "1024"
    ],
    "50": [
        "112"
    ],
    "51": [
        "24"
    ],
    "52": [
        "192"
    ],
    "53": [
        "1211"
    ],
    "54": [
        "71"
    ],
    "55": [
        "38"
    ],
    "56": [
        "128"
    ],
    "57": [
        "76"
    ],
    "58": [
        "549"
    ],
    "59": [
        "581"
    ],
    "60": [
        "305"
    ],
    "61": [
        "214"
    ],
    "62": [
        "202"
    ],
    "63": [
        "115"
    ],
    "64": [
        "273"
    ],
    "65": [
        "359"
    ],
    "66": [
        "267"
    ],
    "67": [
        "82"
    ],
    "68": [
        "161"
    ],
    "69": [
        "347"
    ],
    "70": [
        "132"
    ],
    "71": [
        "138"
    ],
    "72": [
        "385"
    ],
    "73": [
        "50"
    ],
    "74": [
        "258"
    ],
    "75": [
        "125"
    ],
    "76": [
        "252"
    ],
    "77": [
        "269"
    ],
    "78": [
        "466"
    ],
    "79": [
        "454"
    ],
    "80": [
        "358"
    ],
    "81": [
        "323"
    ],
    "82": [
        "207"
    ],
    "83": [
        "1033"
    ],
    "84": [
        "69"
    ],
    "85": [
        "166"
    ],
    "86": [
        "357"
    ],
    "87": [
        "5"
    ],
    "88": [
        "122"
    ],
    "89": [
        "760"
    ],
    "90": [
        "630"
    ],
    "91": [
        "104"
    ],
    "92": [
        "25"
    ],
    "93": [
        "339"
    ],
    "94": [
        "28"
    ],
    "95": [
        "191"
    ],
    "96": [
        "30"
    ],
    "97": [
        "354"
    ],
    "98": [
        "6"
    ],
    "99": [
        "298"
    ],
    "100": [
        "402"
    ],
    "101": [
        "420"
    ],
    "102": [
        "1256"
    ],
    "103": [
        "1321"
    ],
    "104": [
        "97"
    ],
    "105": [
        "334"
    ],
    "106": [
        "336"
    ],
    "107": [
        "226"
    ],
    "108": [
        "784"
    ],
    "109": [
        "1141"
    ],
    "110": [
        "1035"
    ],
    "111": [
        "63"
    ],
    "112": [
        "265"
    ],
    "113": [
        "344"
    ],
    "114": [
        "158"
    ],
    "115": [
        "78"
    ],
    "116": [
        "960"
    ],
    "117": [
        "27",
        "332",
        "318"
    ],
    "118": [
        "1174"
    ],
    "119": [
        "248"
    ],
    "120": [
        "16"
    ],
    "121": [
        "4"
    ],
    "122": [
        "1052"
    ],
    "123": [
        "650"
    ],
    "124": [
        "461"
    ],
    "125": [
        "553"
    ],
    "126": [
        "239"
    ],
    "127": [
        "213",
        "291",
        "909",
        "187",
        "975",
        "272",
        "184",
        "237",
        "304",
        "56",
        "307",
        "242",
        "167",
        "1178",
        "1293",
        "1127"
    ],
    "128": [
        "141"
    ],
    "129": [
        "356"
    ],
    "130": [
        "282"
    ],
    "131": [
        "328"
    ],
    "132": [
        "285"
    ],
    "133": [
        "224"
    ],
    "134": [
        "616"
    ],
    "135": [
        "292"
    ],
    "136": [
        "320"
    ],
    "137": [
        "22"
    ],
    "138": [
        "140"
    ],
    "139": [
        "81"
    ],
    "140": [
        "839"
    ],
    "141": [
        "331",
        "283",
        "396",
        "219",
        "287",
        "209",
        "968",
        "349",
        "318",
        "920"
    ],
    "142": [
        "179",
        "390",
        "291",
        "187",
        "1220",
        "1157",
        "1127",
        "160",
        "304",
        "56",
        "299",
        "167",
        "1293",
        "731",
        "473",
        "213",
        "183"
    ],
    "143": [
        "702"
    ],
    "144": [
        "48"
    ],
    "145": [
        "146"
    ],
    "146": [
        "247"
    ],
    "147": [
        "225"
    ],
    "148": [
        "824"
    ],
    "149": [
        "72"
    ],
    "150": [
        "434"
    ],
    "151": [
        "26"
    ],
    "152": [
        "217"
    ],
    "153": [
        "119"
    ],
    "154": [
        "183",
        "414",
        "187",
        "975",
        "335",
        "184",
        "343",
        "237",
        "304",
        "51",
        "167",
        "56",
        "299",
        "473",
        "1084",
        "1127",
        "37"
    ],
    "155": [
        "697"
    ],
    "156": [
        "203"
    ],
    "157": [
        "503"
    ],
    "158": [
        "256"
    ],
    "159": [
        "658"
    ],
    "160": [
        "1303"
    ],
    "161": [
        "308",
        "975",
        "683",
        "770",
        "1220",
        "184",
        "304",
        "1292",
        "56",
        "167",
        "183"
    ],
    "162": [
        "133"
    ],
    "163": [
        "576"
    ],
    "164": [
        "18"
    ],
    "165": [
        "322"
    ],
    "166": [
        "7"
    ],
    "167": [
        "83"
    ],
    "168": [
        "345"
    ],
    "169": [
        "100"
    ],
    "170": [
        "611"
    ],
    "171": [
        "1138"
    ],
    "172": [
        "190"
    ],
    "173": [
        "193"
    ],
    "174": [
        "151"
    ],
    "175": [
        "232"
    ],
    "176": [
        "353"
    ],
    "177": [
        "156"
    ],
    "178": [
        "12"
    ],
    "179": [
        "300"
    ],
    "180": [
        "251"
    ],
    "181": [
        "314"
    ],
    "182": [
        "108"
    ],
    "183": [
        "1217"
    ],
    "184": [
        "201"
    ],
    "185": [
        "1296"
    ],
    "186": [
        "9"
    ],
    "187": [
        "493"
    ],
    "188": [
        "169"
    ],
    "189": [
        "836"
    ],
    "190": [
        "79"
    ],
    "191": [
        "253"
    ],
    "192": [
        "470"
    ],
    "193": [
        "205"
    ],
    "194": [
        "1007"
    ],
    "195": [
        "1261"
    ],
    "196": [
        "351"
    ],
    "197": [
        "152"
    ],
    "198": [
        "1017"
    ],
    "199": [
        "220"
    ],
    "200": [
        "1147"
    ],
    "201": [
        "925"
    ],
    "202": [
        "91"
    ],
    "203": [
        "266"
    ],
    "204": [
        "833"
    ],
    "205": [
        "1299"
    ],
    "206": [
        "47"
    ],
    "207": [
        "277"
    ],
    "208": [
        "52"
    ],
    "209": [
        "741"
    ],
    "210": [
        "262"
    ],
    "211": [
        "1082"
    ],
    "212": [
        "241"
    ],
    "213": [
        "84"
    ],
    "214": [
        "489"
    ],
    "215": [
        "853"
    ],
    "216": [
        "964"
    ],
    "217": [
        "60"
    ],
    "218": [
        "352"
    ],
    "219": [
        "153"
    ],
    "220": [
        "99"
    ],
    "221": [
        "325"
    ],
    "222": [
        "250"
    ],
    "223": [
        "13"
    ],
    "224": [
        "373"
    ],
    "225": [
        "709"
    ],
    "226": [
        "255"
    ],
    "227": [
        "293"
    ],
    "228": [
        "1254"
    ],
    "229": [
        "98"
    ],
    "230": [
        "1179"
    ],
    "231": [
        "260"
    ],
    "232": [
        "73"
    ],
    "233": [
        "998"
    ],
    "234": [
        "155"
    ],
    "235": [
        "288"
    ],
    "236": [
        "1155"
    ],
    "237": [
        "626"
    ],
    "238": [
        "1184"
    ],
    "239": [
        "185"
    ],
    "240": [
        "243"
    ],
    "241": [
        "1139"
    ],
    "242": [
        "361"
    ],
    "243": [
        "145"
    ],
    "244": [
        "90"
    ],
    "245": [
        "62"
    ],
    "246": [
        "312"
    ],
    "247": [
        "88"
    ],
    "248": [
        "556"
    ],
    "249": [
        "142"
    ],
    "250": [
        "129"
    ],
    "251": [
        "340"
    ],
    "252": [
        "363"
    ],
    "253": [
        "612"
    ],
    "254": [
        "940"
    ],
    "255": [
        "660"
    ],
    "256": [
        "377",
        "442",
        "304",
        "529",
        "1220",
        "472",
        "459",
        "167",
        "229",
        "414",
        "390",
        "559",
        "975",
        "652",
        "343",
        "163",
        "1178",
        "562",
        "523",
        "337",
        "731",
        "1072",
        "473",
        "509"
    ],
    "257": [
        "595"
    ],
    "258": [
        "491"
    ],
    "259": [
        "1034"
    ],
    "260": [
        "542"
    ],
    "261": [
        "693"
    ],
    "262": [
        "501",
        "619",
        "683",
        "442",
        "665",
        "1045",
        "529",
        "1220",
        "411",
        "472",
        "1171",
        "167",
        "632",
        "372",
        "414",
        "390",
        "559",
        "652",
        "845",
        "770",
        "688",
        "1119",
        "1325",
        "562",
        "579",
        "731",
        "1072",
        "509"
    ],
    "263": [
        "914"
    ],
    "264": [
        "787"
    ],
    "265": [
        "1282"
    ],
    "266": [
        "654"
    ],
    "267": [
        "501",
        "683",
        "665",
        "304",
        "926",
        "529",
        "411",
        "472",
        "167",
        "465",
        "632",
        "1084",
        "559",
        "975",
        "631",
        "652",
        "818",
        "688",
        "1119",
        "1293",
        "562",
        "337",
        "391",
        "731",
        "509"
    ],
    "268": [
        "748"
    ],
    "269": [
        "560"
    ],
    "270": [
        "881"
    ],
    "271": [
        "543"
    ],
    "272": [
        "409"
    ],
    "273": [
        "587"
    ],
    "274": [
        "644"
    ],
    "275": [
        "1233"
    ],
    "276": [
        "1163"
    ],
    "277": [
        "575"
    ],
    "278": [
        "443"
    ],
    "279": [
        "591",
        "683",
        "546",
        "377",
        "442",
        "509",
        "529",
        "411",
        "472",
        "167",
        "632",
        "419",
        "372",
        "1127",
        "414",
        "975",
        "652",
        "770",
        "343",
        "299",
        "1293",
        "1178",
        "562",
        "571",
        "523",
        "637",
        "337",
        "731",
        "477",
        "473",
        "390"
    ],
    "280": [
        "885"
    ],
    "281": [
        "398"
    ],
    "282": [
        "1049"
    ],
    "283": [
        "483"
    ],
    "284": [
        "394"
    ],
    "285": [
        "501",
        "683",
        "442",
        "304",
        "561",
        "187",
        "529",
        "411",
        "167",
        "632",
        "1132",
        "975",
        "652",
        "845",
        "433",
        "299",
        "636",
        "687",
        "337",
        "731",
        "473",
        "509"
    ],
    "286": [
        "563"
    ],
    "287": [
        "485"
    ],
    "288": [
        "501",
        "619",
        "683",
        "665",
        "304",
        "509",
        "1194",
        "437",
        "926",
        "187",
        "529",
        "445",
        "472",
        "167",
        "414",
        "559",
        "343",
        "299",
        "1178",
        "687",
        "1072",
        "390"
    ],
    "289": [
        "480"
    ],
    "290": [
        "1307"
    ],
    "291": [
        "508"
    ],
    "292": [
        "497"
    ],
    "293": [
        "1094"
    ],
    "294": [
        "642"
    ],
    "295": [
        "471"
    ],
    "296": [
        "436"
    ],
    "297": [
        "1014"
    ],
    "298": [
        "501",
        "619",
        "442",
        "665",
        "509",
        "499",
        "699",
        "411",
        "472",
        "632",
        "372",
        "410",
        "414",
        "559",
        "975",
        "1300",
        "652",
        "184",
        "1292",
        "1293",
        "562",
        "362",
        "117",
        "1143",
        "337",
        "731",
        "10",
        "1072",
        "473",
        "390"
    ],
    "299": [
        "673"
    ],
    "300": [
        "1230"
    ],
    "301": [
        "1113",
        "551",
        "850",
        "707",
        "383",
        "572"
    ],
    "302": [
        "740"
    ],
    "303": [
        "435"
    ],
    "304": [
        "1265"
    ],
    "305": [
        "674"
    ],
    "306": [
        "945"
    ],
    "307": [
        "607"
    ],
    "308": [
        "805"
    ],
    "309": [
        "864"
    ],
    "310": [
        "937"
    ],
    "311": [
        "423"
    ],
    "312": [
        "969"
    ],
    "313": [
        "908"
    ],
    "314": [
        "539"
    ],
    "315": [
        "888"
    ],
    "316": [
        "703"
    ],
    "317": [
        "682"
    ],
    "318": [
        "685"
    ],
    "319": [
        "1066"
    ],
    "320": [
        "494"
    ],
    "321": [
        "428"
    ],
    "322": [
        "570"
    ],
    "323": [
        "624"
    ],
    "324": [
        "935"
    ],
    "325": [
        "617"
    ],
    "326": [
        "496"
    ],
    "327": [
        "719"
    ],
    "328": [
        "405"
    ],
    "329": [
        "1077"
    ],
    "330": [
        "614"
    ],
    "331": [
        "622"
    ],
    "332": [
        "1041"
    ],
    "333": [
        "1097"
    ],
    "334": [
        "1309"
    ],
    "335": [
        "1015"
    ],
    "336": [
        "374"
    ],
    "337": [
        "781"
    ],
    "338": [
        "526"
    ],
    "339": [
        "721"
    ],
    "340": [
        "1128"
    ],
    "341": [
        "1212"
    ],
    "342": [
        "659"
    ],
    "343": [
        "1277"
    ],
    "344": [
        "737"
    ],
    "345": [
        "375"
    ],
    "346": [
        "1162",
        "427",
        "797",
        "431",
        "525",
        "400",
        "592",
        "589",
        "495",
        "468",
        "675"
    ],
    "347": [
        "1281"
    ],
    "348": [
        "521"
    ],
    "349": [
        "628"
    ],
    "350": [
        "694"
    ],
    "351": [
        "1056"
    ],
    "352": [
        "501",
        "535",
        "683",
        "619",
        "442",
        "388",
        "304",
        "500",
        "499",
        "380",
        "529",
        "1220",
        "370",
        "411",
        "472",
        "167",
        "372",
        "414",
        "390",
        "559",
        "184",
        "562",
        "579",
        "568",
        "523",
        "477",
        "1072",
        "509"
    ],
    "353": [
        "379"
    ],
    "354": [
        "776"
    ],
    "355": [
        "643"
    ],
    "356": [
        "501",
        "683",
        "442",
        "665",
        "411",
        "472",
        "632",
        "414",
        "390",
        "559",
        "975",
        "652",
        "770",
        "184",
        "613",
        "299",
        "562",
        "117",
        "909",
        "337",
        "1072",
        "473",
        "509"
    ],
    "357": [
        "520"
    ],
    "358": [
        "679"
    ],
    "359": [
        "645"
    ],
    "360": [
        "455"
    ],
    "361": [
        "1268"
    ],
    "362": [
        "670"
    ],
    "363": [
        "566"
    ],
    "364": [
        "931"
    ],
    "365": [
        "429"
    ],
    "366": [
        "788"
    ],
    "367": [
        "996"
    ],
    "368": [
        "1185"
    ],
    "369": [
        "724"
    ],
    "370": [
        "565"
    ],
    "371": [
        "368"
    ],
    "372": [
        "484",
        "663",
        "464",
        "283",
        "558",
        "396",
        "557",
        "515",
        "488"
    ],
    "373": [
        "609"
    ],
    "374": [
        "594"
    ],
    "375": [
        "820"
    ],
    "376": [
        "972"
    ],
    "377": [
        "944"
    ],
    "378": [
        "478"
    ],
    "379": [
        "1286"
    ],
    "380": [
        "501",
        "591",
        "683",
        "442",
        "665",
        "509",
        "422",
        "699",
        "187",
        "529",
        "1220",
        "411",
        "472",
        "229",
        "410",
        "414",
        "559",
        "975",
        "818",
        "652",
        "1119",
        "562",
        "439",
        "390"
    ],
    "381": [
        "538"
    ],
    "382": [
        "928",
        "390",
        "187",
        "619",
        "406",
        "770",
        "442",
        "472",
        "337",
        "452",
        "163",
        "167",
        "1178",
        "1072",
        "562",
        "509"
    ],
    "383": [
        "501",
        "683",
        "442",
        "509",
        "187",
        "529",
        "411",
        "167",
        "632",
        "372",
        "559",
        "975",
        "652",
        "770",
        "433",
        "568",
        "337",
        "1072",
        "473",
        "390"
    ],
    "384": [
        "501",
        "683",
        "377",
        "442",
        "665",
        "499",
        "1220",
        "411",
        "167",
        "632",
        "1300",
        "652",
        "845",
        "502",
        "343",
        "1293",
        "954",
        "562",
        "637",
        "473",
        "509"
    ],
    "385": [
        "578"
    ],
    "386": [
        "381"
    ],
    "387": [
        "413"
    ],
    "388": [
        "668"
    ],
    "389": [
        "469"
    ],
    "390": [
        "453"
    ],
    "391": [
        "1308"
    ],
    "392": [
        "619",
        "683",
        "442",
        "516",
        "422",
        "928",
        "1045",
        "529",
        "411",
        "632",
        "1090",
        "393",
        "414",
        "390",
        "559",
        "975",
        "652",
        "770",
        "502",
        "452",
        "1292",
        "909",
        "568",
        "571",
        "391",
        "731",
        "509"
    ],
    "393": [
        "606"
    ],
    "394": [
        "657"
    ],
    "395": [
        "573"
    ],
    "396": [
        "514"
    ],
    "397": [
        "541"
    ],
    "398": [
        "646"
    ],
    "399": [
        "793"
    ],
    "400": [
        "601"
    ],
    "401": [
        "726"
    ],
    "402": [
        "689"
    ],
    "403": [
        "177",
        "464",
        "283",
        "378",
        "396",
        "332",
        "558",
        "647",
        "329",
        "488",
        "920"
    ],
    "404": [
        "1010"
    ],
    "405": [
        "669"
    ],
    "406": [
        "501",
        "442",
        "665",
        "509",
        "291",
        "1220",
        "411",
        "472",
        "167",
        "632",
        "410",
        "559",
        "975",
        "652",
        "343",
        "688",
        "1292",
        "745",
        "909",
        "1085",
        "731",
        "473",
        "390"
    ],
    "407": [
        "501",
        "683",
        "665",
        "509",
        "529",
        "1220",
        "411",
        "370",
        "472",
        "459",
        "167",
        "632",
        "372",
        "213",
        "1127",
        "414",
        "1132",
        "975",
        "559",
        "652",
        "1292",
        "1178",
        "636",
        "337",
        "1072",
        "390"
    ],
    "408": [
        "635"
    ],
    "409": [
        "633"
    ],
    "410": [
        "958"
    ],
    "411": [
        "620"
    ],
    "412": [
        "593"
    ],
    "413": [
        "1109"
    ],
    "414": [
        "994"
    ],
    "415": [
        "738"
    ],
    "416": [
        "640"
    ],
    "417": [
        "519"
    ],
    "418": [
        "684"
    ],
    "419": [
        "656"
    ],
    "420": [
        "1243"
    ],
    "421": [
        "366"
    ],
    "422": [
        "531"
    ],
    "423": [
        "1301"
    ],
    "424": [
        "421"
    ],
    "425": [
        "451"
    ],
    "426": [
        "399"
    ],
    "427": [
        "481"
    ],
    "428": [
        "934"
    ],
    "429": [
        "728"
    ],
    "430": [
        "467"
    ],
    "431": [
        "691"
    ],
    "432": [
        "386"
    ],
    "433": [
        "109"
    ],
    "434": [
        "664"
    ],
    "435": [
        "397"
    ],
    "436": [
        "567"
    ],
    "437": [
        "479"
    ],
    "438": [
        "401"
    ],
    "439": [
        "474"
    ],
    "440": [
        "848"
    ],
    "441": [
        "602"
    ],
    "442": [
        "512"
    ],
    "443": [
        "408"
    ],
    "444": [
        "705"
    ],
    "445": [
        "590"
    ],
    "446": [
        "1255"
    ],
    "447": [
        "623"
    ],
    "448": [
        "639"
    ],
    "449": [
        "392"
    ],
    "450": [
        "518"
    ],
    "451": [
        "1093"
    ],
    "452": [
        "506"
    ],
    "453": [
        "692"
    ],
    "454": [
        "39"
    ],
    "455": [
        "924"
    ],
    "456": [
        "662"
    ],
    "457": [
        "1071"
    ],
    "458": [
        "747"
    ],
    "459": [
        "462"
    ],
    "460": [
        "655"
    ],
    "461": [
        "1264"
    ],
    "462": [
        "604"
    ],
    "463": [
        "588"
    ],
    "464": [
        "564"
    ],
    "465": [
        "1058"
    ],
    "466": [
        "883"
    ],
    "467": [
        "417"
    ],
    "468": [
        "438"
    ],
    "469": [
        "671"
    ],
    "470": [
        "382"
    ],
    "471": [
        "1062"
    ],
    "472": [
        "457"
    ],
    "473": [
        "686"
    ],
    "474": [
        "938"
    ],
    "475": [
        "790"
    ],
    "476": [
        "950"
    ],
    "477": [
        "552"
    ],
    "478": [
        "661"
    ],
    "479": [
        "605"
    ],
    "480": [
        "1060"
    ],
    "481": [
        "548"
    ],
    "482": [
        "840"
    ],
    "483": [
        "1314"
    ],
    "484": [
        "676"
    ],
    "485": [
        "284"
    ],
    "486": [
        "878"
    ],
    "487": [
        "690"
    ],
    "488": [
        "425"
    ],
    "489": [
        "976"
    ],
    "490": [
        "773"
    ],
    "491": [
        "544"
    ],
    "492": [
        "522"
    ],
    "493": [
        "680"
    ],
    "494": [
        "1283"
    ],
    "495": [
        "505"
    ],
    "496": [
        "743"
    ],
    "497": [
        "460",
        "93",
        "683",
        "648",
        "615",
        "547"
    ],
    "498": [
        "530"
    ],
    "499": [
        "1112"
    ],
    "500": [
        "1245"
    ],
    "501": [
        "458"
    ],
    "502": [
        "583"
    ],
    "503": [
        "618"
    ],
    "504": [
        "862"
    ],
    "505": [
        "837"
    ],
    "506": [
        "754"
    ],
    "507": [
        "447"
    ],
    "508": [
        "857"
    ],
    "509": [
        "700",
        "856",
        "304",
        "699",
        "695",
        "961",
        "991",
        "632",
        "767",
        "213",
        "559",
        "770",
        "1016",
        "954",
        "745",
        "337",
        "959",
        "772",
        "731",
        "993"
    ],
    "510": [
        "700",
        "856",
        "665",
        "304",
        "291",
        "411",
        "472",
        "953",
        "1171",
        "559",
        "985",
        "652",
        "845",
        "184",
        "1119",
        "299",
        "745",
        "875",
        "1085",
        "766",
        "772",
        "731"
    ],
    "511": [
        "1198"
    ],
    "512": [
        "700",
        "304",
        "291",
        "183",
        "956",
        "695",
        "1220",
        "1171",
        "975",
        "1300",
        "770",
        "184",
        "343",
        "299",
        "1178",
        "745",
        "117",
        "1157",
        "959",
        "56",
        "731",
        "473"
    ],
    "513": [
        "718"
    ],
    "514": [
        "846",
        "414",
        "926",
        "975",
        "818",
        "1004",
        "1127",
        "184",
        "665",
        "343",
        "337",
        "700",
        "731",
        "10",
        "757",
        "291",
        "745"
    ],
    "515": [
        "706"
    ],
    "516": [
        "859"
    ],
    "517": [
        "1005"
    ],
    "518": [
        "876"
    ],
    "519": [
        "717"
    ],
    "520": [
        "1207"
    ],
    "521": [
        "887"
    ],
    "522": [
        "608"
    ],
    "523": [
        "183",
        "975",
        "818",
        "1300",
        "700",
        "337",
        "1293",
        "304",
        "509",
        "1292",
        "731",
        "372",
        "990"
    ],
    "524": [
        "861"
    ],
    "525": [
        "1271"
    ],
    "526": [
        "870",
        "700",
        "961",
        "1220",
        "800",
        "1171",
        "632",
        "751",
        "414",
        "975",
        "818",
        "652",
        "1300",
        "184",
        "871",
        "343",
        "1292",
        "827",
        "163",
        "299",
        "1057",
        "1178",
        "745",
        "1004",
        "731",
        "509"
    ],
    "527": [
        "755"
    ],
    "528": [
        "1186"
    ],
    "529": [
        "812"
    ],
    "530": [
        "813"
    ],
    "531": [
        "1203"
    ],
    "532": [
        "1323"
    ],
    "533": [
        "984"
    ],
    "534": [
        "195"
    ],
    "535": [
        "786"
    ],
    "536": [
        "1270"
    ],
    "537": [
        "774"
    ],
    "538": [
        "759"
    ],
    "539": [
        "765",
        "797",
        "838",
        "713"
    ],
    "540": [
        "918"
    ],
    "541": [
        "683",
        "442",
        "700",
        "913",
        "665",
        "304",
        "928",
        "926",
        "529",
        "167",
        "632",
        "1090",
        "795",
        "1127",
        "975",
        "1119",
        "562",
        "745",
        "909",
        "337",
        "854",
        "56",
        "473",
        "509"
    ],
    "542": [
        "1190"
    ],
    "543": [
        "764"
    ],
    "544": [
        "948"
    ],
    "545": [
        "819"
    ],
    "546": [
        "189"
    ],
    "547": [
        "1209"
    ],
    "548": [
        "1272"
    ],
    "549": [
        "1262"
    ],
    "550": [
        "977"
    ],
    "551": [
        "746"
    ],
    "552": [
        "1279"
    ],
    "553": [
        "534",
        "77",
        "1216"
    ],
    "554": [
        "943"
    ],
    "555": [
        "785"
    ],
    "556": [
        "789"
    ],
    "557": [
        "801"
    ],
    "558": [
        "501",
        "619",
        "442",
        "700",
        "509",
        "926",
        "1006",
        "411",
        "1132",
        "975",
        "770",
        "974",
        "1292",
        "299",
        "1178",
        "954",
        "745",
        "909",
        "1157",
        "337",
        "56",
        "731",
        "473",
        "390"
    ],
    "559": [
        "842",
        "484",
        "822",
        "986",
        "396",
        "968",
        "513",
        "891",
        "488"
    ],
    "560": [
        "1195"
    ],
    "561": [
        "1100"
    ],
    "562": [
        "1240"
    ],
    "563": [
        "777"
    ],
    "564": [
        "769"
    ],
    "565": [
        "951"
    ],
    "566": [
        "855"
    ],
    "567": [
        "1162",
        "551",
        "838",
        "713",
        "765",
        "847",
        "939",
        "778",
        "704"
    ],
    "568": [
        "761",
        "551",
        "923",
        "941",
        "704",
        "775",
        "942"
    ],
    "569": [
        "808"
    ],
    "570": [
        "1003"
    ],
    "571": [
        "886"
    ],
    "572": [
        "501",
        "619",
        "442",
        "700",
        "665",
        "1194",
        "1220",
        "899",
        "167",
        "559",
        "975",
        "770",
        "184",
        "1292",
        "1178",
        "1325",
        "909",
        "1157",
        "337",
        "766",
        "779"
    ],
    "573": [
        "814"
    ],
    "574": [
        "501",
        "683",
        "442",
        "700",
        "928",
        "1045",
        "1220",
        "411",
        "472",
        "167",
        "1127",
        "390",
        "1132",
        "975",
        "818",
        "1119",
        "1293",
        "745",
        "749",
        "900",
        "51",
        "56",
        "731",
        "509"
    ],
    "575": [
        "442",
        "700",
        "183",
        "187",
        "1220",
        "472",
        "167",
        "372",
        "1127",
        "414",
        "1132",
        "975",
        "818",
        "299",
        "1293",
        "1016",
        "745",
        "731",
        "10",
        "701",
        "509"
    ],
    "576": [
        "162",
        "271",
        "315",
        "979"
    ],
    "577": [
        "884",
        "501",
        "117",
        "928",
        "975",
        "818",
        "652",
        "683",
        "529",
        "442",
        "700",
        "770",
        "343",
        "1293",
        "731",
        "372",
        "562",
        "915"
    ],
    "578": [
        "890"
    ],
    "579": [
        "771"
    ],
    "580": [
        "710",
        "700",
        "699",
        "183",
        "472",
        "632",
        "213",
        "652",
        "770",
        "184",
        "1292",
        "997",
        "299",
        "1293",
        "745",
        "117",
        "884",
        "779",
        "1072"
    ],
    "581": [
        "791"
    ],
    "582": [
        "735"
    ],
    "583": [
        "982"
    ],
    "584": [
        "1028"
    ],
    "585": [
        "1031"
    ],
    "586": [
        "1191"
    ],
    "587": [
        "962"
    ],
    "588": [
        "933"
    ],
    "589": [
        "442",
        "700",
        "304",
        "1194",
        "699",
        "183",
        "928",
        "956",
        "411",
        "472",
        "953",
        "1171",
        "414",
        "559",
        "770",
        "1119",
        "1178",
        "562",
        "745",
        "875",
        "909",
        "1143",
        "1157",
        "51",
        "56",
        "731",
        "1072",
        "473",
        "509"
    ],
    "590": [
        "905"
    ],
    "591": [
        "794"
    ],
    "592": [
        "1294"
    ],
    "593": [
        "796"
    ],
    "594": [
        "1030"
    ],
    "595": [
        "551",
        "850",
        "713",
        "765",
        "847",
        "838",
        "778",
        "572",
        "704",
        "804",
        "775"
    ],
    "596": [
        "981"
    ],
    "597": [
        "873"
    ],
    "598": [
        "1241"
    ],
    "599": [
        "414",
        "975",
        "1045",
        "683",
        "529",
        "442",
        "700",
        "411",
        "343",
        "991",
        "1023",
        "1171",
        "56",
        "745",
        "731",
        "509"
    ],
    "600": [
        "823"
    ],
    "601": [
        "955"
    ],
    "602": [
        "683",
        "442",
        "700",
        "304",
        "291",
        "928",
        "1220",
        "472",
        "167",
        "632",
        "1090",
        "372",
        "414",
        "1132",
        "559",
        "975",
        "770",
        "974",
        "745",
        "758",
        "337",
        "56",
        "731"
    ],
    "603": [
        "927",
        "414",
        "909",
        "975",
        "985",
        "818",
        "683",
        "1045",
        "700",
        "411",
        "472",
        "766",
        "1119",
        "304",
        "727",
        "731",
        "701",
        "745"
    ],
    "604": [
        "117",
        "818",
        "442",
        "1220",
        "337",
        "343",
        "509",
        "56",
        "731",
        "1072",
        "715",
        "1127",
        "183"
    ],
    "605": [
        "700",
        "1194",
        "928",
        "411",
        "893",
        "472",
        "1023",
        "414",
        "559",
        "1300",
        "818",
        "975",
        "770",
        "343",
        "974",
        "163",
        "1292",
        "997",
        "1119",
        "1293",
        "562",
        "745",
        "909",
        "51",
        "731"
    ],
    "606": [
        "798"
    ],
    "607": [
        "807"
    ],
    "608": [
        "844"
    ],
    "609": [
        "23"
    ],
    "610": [
        "907"
    ],
    "611": [
        "826",
        "414",
        "975",
        "985",
        "811",
        "700",
        "184",
        "337",
        "766",
        "974",
        "997",
        "745",
        "10",
        "732",
        "1072",
        "915"
    ],
    "612": [
        "733"
    ],
    "613": [
        "696"
    ],
    "614": [
        "1050"
    ],
    "615": [
        "1162",
        "838",
        "847",
        "939",
        "923",
        "707",
        "572",
        "970",
        "775",
        "778",
        "804",
        "942"
    ],
    "616": [
        "897"
    ],
    "617": [
        "975",
        "818",
        "811",
        "770",
        "1143",
        "700",
        "866",
        "953",
        "1119",
        "1171",
        "997",
        "701",
        "213"
    ],
    "618": [
        "1079"
    ],
    "619": [
        "1181"
    ],
    "620": [
        "965"
    ],
    "621": [
        "700",
        "830",
        "906",
        "928",
        "187",
        "1045",
        "1220",
        "472",
        "750",
        "213",
        "915",
        "846",
        "975",
        "818",
        "652",
        "770",
        "184",
        "163",
        "1293",
        "1178",
        "562",
        "745",
        "722",
        "337",
        "772",
        "731",
        "473"
    ],
    "622": [
        "708"
    ],
    "623": [
        "716"
    ],
    "624": [
        "714"
    ],
    "625": [
        "966"
    ],
    "626": [
        "816"
    ],
    "627": [
        "1231"
    ],
    "628": [
        "700",
        "695",
        "1220",
        "762",
        "949",
        "167",
        "372",
        "795",
        "975",
        "818",
        "184",
        "827",
        "1057",
        "117",
        "722",
        "1143",
        "749",
        "766",
        "51",
        "10",
        "509"
    ],
    "629": [
        "975",
        "818",
        "1300",
        "845",
        "770",
        "731",
        "745"
    ],
    "630": [
        "946"
    ],
    "631": [
        "1036"
    ],
    "632": [
        "131"
    ],
    "633": [
        "1025"
    ],
    "634": [
        "780",
        "501",
        "442",
        "700",
        "665",
        "947",
        "1194",
        "1220",
        "411",
        "1171",
        "167",
        "632",
        "1090",
        "213",
        "1127",
        "414",
        "390",
        "818",
        "184",
        "802",
        "871",
        "1016",
        "745",
        "117",
        "880",
        "509"
    ],
    "635": [
        "1002"
    ],
    "636": [
        "1274"
    ],
    "637": [
        "863"
    ],
    "638": [
        "1095"
    ],
    "639": [
        "928",
        "559",
        "975",
        "683",
        "731",
        "770",
        "1220",
        "442",
        "337",
        "632",
        "701",
        "915"
    ],
    "640": [
        "867",
        "666",
        "920"
    ],
    "641": [
        "975",
        "1072",
        "187",
        "818",
        "770",
        "442",
        "700",
        "1127",
        "304",
        "163",
        "167",
        "731",
        "1178",
        "954",
        "291",
        "745"
    ],
    "642": [
        "1199"
    ],
    "643": [
        "841"
    ],
    "644": [
        "313"
    ],
    "645": [
        "1159"
    ],
    "646": [
        "921"
    ],
    "647": [
        "761",
        "1162",
        "713",
        "923",
        "778",
        "970",
        "804"
    ],
    "648": [
        "815"
    ],
    "649": [
        "1070"
    ],
    "650": [
        "952"
    ],
    "651": [
        "1165"
    ],
    "652": [
        "768"
    ],
    "653": [
        "926",
        "187",
        "770",
        "700",
        "731",
        "10",
        "745"
    ],
    "654": [
        "734"
    ],
    "655": [
        "701",
        "1085",
        "1325",
        "699"
    ],
    "656": [
        "980"
    ],
    "657": [
        "911",
        "442",
        "792",
        "700",
        "304",
        "291",
        "183",
        "699",
        "1006",
        "1220",
        "411",
        "991",
        "1171",
        "167",
        "632",
        "372",
        "213",
        "975",
        "818",
        "770",
        "184",
        "1293",
        "562",
        "745",
        "927",
        "1143",
        "1004",
        "56",
        "731",
        "993"
    ],
    "658": [
        "1009",
        "710",
        "700",
        "856",
        "1220",
        "472",
        "767",
        "751",
        "975",
        "818",
        "811",
        "770",
        "974",
        "997",
        "1016",
        "1178",
        "745",
        "337",
        "766",
        "731"
    ],
    "659": [
        "971"
    ],
    "660": [
        "729"
    ],
    "661": [
        "172"
    ],
    "662": [
        "95"
    ],
    "663": [
        "442",
        "700",
        "830",
        "291",
        "187",
        "1220",
        "1171",
        "763",
        "414",
        "559",
        "975",
        "818",
        "770",
        "343",
        "1292",
        "1057",
        "757",
        "745",
        "117",
        "1143",
        "337",
        "731"
    ],
    "664": [
        "173"
    ],
    "665": [
        "1218"
    ],
    "666": [
        "1317"
    ],
    "667": [
        "208"
    ],
    "668": [
        "845",
        "909"
    ],
    "669": [
        "64"
    ],
    "670": [
        "559",
        "975",
        "695",
        "770",
        "337",
        "1119",
        "229",
        "745"
    ],
    "671": [
        "338"
    ],
    "672": [
        "865"
    ],
    "673": [
        "1247"
    ],
    "674": [
        "1001"
    ],
    "675": [
        "967"
    ],
    "676": [
        "1312"
    ],
    "677": [
        "1204"
    ],
    "678": [
        "828"
    ],
    "679": [
        "957"
    ],
    "680": [
        "310"
    ],
    "681": [
        "825"
    ],
    "682": [
        "744"
    ],
    "683": [
        "275"
    ],
    "684": [
        "849"
    ],
    "685": [
        "1013"
    ],
    "686": [
        "851"
    ],
    "687": [
        "868"
    ],
    "688": [
        "739"
    ],
    "689": [
        "902"
    ],
    "690": [
        "1008"
    ],
    "691": [
        "810"
    ],
    "692": [
        "852"
    ],
    "693": [
        "756"
    ],
    "694": [
        "882"
    ],
    "695": [
        "895"
    ],
    "696": [
        "711"
    ],
    "697": [
        "1012"
    ],
    "698": [
        "910"
    ],
    "699": [
        "1067"
    ],
    "700": [
        "720"
    ],
    "701": [
        "912"
    ],
    "702": [
        "1059"
    ],
    "703": [
        "817"
    ],
    "704": [
        "752"
    ],
    "705": [
        "930"
    ],
    "706": [
        "896"
    ],
    "707": [
        "111"
    ],
    "708": [
        "889"
    ],
    "709": [
        "42"
    ],
    "710": [
        "1313"
    ],
    "711": [
        "782"
    ],
    "712": [
        "244"
    ],
    "713": [
        "1263"
    ],
    "714": [
        "987"
    ],
    "715": [
        "831"
    ],
    "716": [
        "1134"
    ],
    "717": [
        "1137"
    ],
    "718": [
        "843"
    ],
    "719": [
        "892"
    ],
    "720": [
        "698"
    ],
    "721": [
        "150"
    ],
    "722": [
        "894"
    ],
    "723": [
        "1322"
    ],
    "724": [
        "1288"
    ],
    "725": [
        "736"
    ],
    "726": [
        "869"
    ],
    "727": [
        "922"
    ],
    "728": [
        "113"
    ],
    "729": [
        "799"
    ],
    "730": [
        "712"
    ],
    "731": [
        "903"
    ],
    "732": [
        "1092"
    ],
    "733": [
        "223"
    ],
    "734": [
        "1011"
    ],
    "735": [
        "341"
    ],
    "736": [
        "1253"
    ],
    "737": [
        "725"
    ],
    "738": [
        "806"
    ],
    "739": [
        "879"
    ],
    "740": [
        "989"
    ],
    "741": [
        "61"
    ],
    "742": [
        "1153"
    ],
    "743": [
        "1020"
    ],
    "744": [
        "999"
    ],
    "745": [
        "582"
    ],
    "746": [
        "1000"
    ],
    "747": [
        "1269"
    ],
    "748": [
        "936"
    ],
    "749": [
        "1038"
    ],
    "750": [
        "1242"
    ],
    "751": [
        "858"
    ],
    "752": [
        "963"
    ],
    "753": [
        "901"
    ],
    "754": [
        "1152"
    ],
    "755": [
        "992"
    ],
    "756": [
        "1302",
        "1026",
        "1113",
        "1229",
        "1069",
        "1061",
        "572",
        "1140"
    ],
    "757": [
        "442",
        "1206",
        "1045",
        "1168",
        "1171",
        "1090",
        "1127",
        "975",
        "1300",
        "1292",
        "1057",
        "1293",
        "1178",
        "1275",
        "1157",
        "337",
        "56",
        "1072",
        "473"
    ],
    "758": [
        "1123"
    ],
    "759": [
        "1237"
    ],
    "760": [
        "390",
        "975",
        "187",
        "442",
        "1090",
        "411",
        "337",
        "1143",
        "1157",
        "343",
        "304",
        "1171",
        "1292",
        "1178",
        "1072",
        "1127",
        "509"
    ],
    "761": [
        "1302",
        "1162",
        "1061",
        "1216",
        "1146",
        "572",
        "1140",
        "1055",
        "1183"
    ],
    "762": [
        "501",
        "442",
        "304",
        "187",
        "1045",
        "1171",
        "167",
        "1090",
        "770",
        "343",
        "1119",
        "1292",
        "1125",
        "299",
        "1178",
        "1143",
        "1157",
        "337",
        "51",
        "1064"
    ],
    "763": [
        "1224"
    ],
    "764": [
        "1087"
    ],
    "765": [
        "1193"
    ],
    "766": [
        "1115"
    ],
    "767": [
        "653"
    ],
    "768": [
        "117",
        "187",
        "1045",
        "1072",
        "442",
        "1143",
        "1157",
        "337",
        "1090",
        "411",
        "1122",
        "1119",
        "343",
        "1125",
        "299",
        "1178",
        "1239",
        "562"
    ],
    "769": [
        "44"
    ],
    "770": [
        "1324"
    ],
    "771": [
        "403"
    ],
    "772": [
        "1258"
    ],
    "773": [
        "1302",
        "1026",
        "1113",
        "1162",
        "1229",
        "1069",
        "1061",
        "1146",
        "572"
    ],
    "774": [
        "1132",
        "975",
        "1072",
        "652",
        "1143",
        "411",
        "1157",
        "337",
        "1119",
        "163",
        "1171",
        "1219",
        "167",
        "1057",
        "1293",
        "1275",
        "473"
    ],
    "775": [
        "1201"
    ],
    "776": [
        "651"
    ],
    "777": [
        "597"
    ],
    "778": [
        "1266"
    ],
    "779": [
        "407"
    ],
    "780": [
        "1113",
        "1162",
        "572",
        "797"
    ],
    "781": [
        "569"
    ],
    "782": [
        "1221",
        "1248",
        "1319",
        "283",
        "329",
        "332",
        "1043",
        "1252",
        "1027",
        "1101",
        "920"
    ],
    "783": [
        "1073"
    ],
    "784": [
        "1316"
    ],
    "785": [
        "928",
        "975",
        "818",
        "442",
        "1143",
        "1157",
        "337",
        "343",
        "1119",
        "299",
        "1072",
        "473",
        "183"
    ],
    "786": [
        "281"
    ],
    "787": [
        "475"
    ],
    "788": [
        "1104"
    ],
    "789": [
        "700",
        "1161",
        "509",
        "1045",
        "1220",
        "1171",
        "167",
        "1090",
        "229",
        "1127",
        "975",
        "1119",
        "1292",
        "1293",
        "745",
        "1143",
        "1157",
        "337",
        "1072",
        "1278",
        "390"
    ],
    "790": [
        "1302",
        "1113",
        "1229",
        "850",
        "1061",
        "75",
        "118",
        "1091"
    ],
    "791": [
        "304",
        "1311",
        "187",
        "1220",
        "1090",
        "975",
        "1249",
        "818",
        "1119",
        "299",
        "1293",
        "1178",
        "562",
        "1276",
        "1143",
        "1157",
        "337",
        "10",
        "1072",
        "473"
    ],
    "792": [
        "1302",
        "1026",
        "1162",
        "1229",
        "551",
        "1069",
        "1061",
        "1146",
        "1091",
        "1140"
    ],
    "793": [
        "1053",
        "390",
        "1145",
        "1045",
        "619",
        "187",
        "1220",
        "1111",
        "184",
        "337",
        "472",
        "1157",
        "1119",
        "299",
        "731",
        "1090",
        "1072",
        "183"
    ],
    "794": [
        "1113",
        "1229",
        "850",
        "797",
        "1069",
        "1061",
        "1146",
        "1170",
        "704",
        "1140",
        "1055"
    ],
    "795": [
        "1200"
    ],
    "796": [
        "1215"
    ],
    "797": [
        "1210"
    ],
    "798": [
        "842",
        "332",
        "1043",
        "1068",
        "968",
        "891",
        "904"
    ],
    "799": [
        "442",
        "304",
        "187",
        "1220",
        "411",
        "1171",
        "167",
        "1090",
        "229",
        "975",
        "1249",
        "343",
        "1119",
        "163",
        "1293",
        "1178",
        "562",
        "1143",
        "1157",
        "337",
        "1129",
        "1072"
    ],
    "800": [
        "35"
    ],
    "801": [
        "1289"
    ],
    "802": [
        "1026",
        "1113",
        "1229",
        "1146",
        "1091",
        "572"
    ],
    "803": [
        "449"
    ],
    "804": [
        "1120"
    ],
    "805": [
        "498"
    ],
    "806": [
        "1302",
        "1162",
        "1229",
        "1069",
        "1216",
        "1170",
        "572"
    ],
    "807": [
        "533"
    ],
    "808": [
        "1102",
        "975",
        "818",
        "683",
        "1045",
        "1090",
        "411",
        "1143",
        "337",
        "1107",
        "1178",
        "1306",
        "1194",
        "1127",
        "509"
    ],
    "809": [
        "1182"
    ],
    "810": [
        "94"
    ],
    "811": [
        "1259"
    ],
    "812": [
        "1273"
    ],
    "813": [
        "1291"
    ],
    "814": [
        "1042"
    ],
    "815": [
        "1295"
    ],
    "816": [
        "211"
    ],
    "817": [
        "1113",
        "1162",
        "1069",
        "1170",
        "572"
    ],
    "818": [
        "1250",
        "683",
        "442",
        "665",
        "1045",
        "1220",
        "411",
        "472",
        "1171",
        "167",
        "632",
        "1090",
        "1127",
        "975",
        "818",
        "652",
        "1249",
        "770",
        "1300",
        "1292",
        "299",
        "1293",
        "1178",
        "1086",
        "1157",
        "337",
        "51",
        "1072"
    ],
    "819": [
        "85"
    ],
    "820": [
        "120"
    ],
    "821": [
        "554"
    ],
    "822": [
        "430"
    ],
    "823": [
        "234"
    ],
    "824": [
        "1026",
        "1113",
        "327",
        "1229",
        "1069",
        "1146",
        "1055"
    ],
    "825": [
        "187",
        "1045",
        "1130",
        "1171",
        "632",
        "1090",
        "975",
        "1300",
        "1119",
        "299",
        "1293",
        "562",
        "1143",
        "1157",
        "337",
        "1235",
        "56",
        "51",
        "731",
        "10",
        "1072"
    ],
    "826": [
        "1173"
    ],
    "827": [
        "501",
        "390",
        "187",
        "1143",
        "1157",
        "337",
        "1293",
        "304",
        "1171",
        "1129",
        "731",
        "1090",
        "1072",
        "229",
        "509"
    ],
    "828": [
        "501",
        "442",
        "665",
        "1219",
        "928",
        "187",
        "1045",
        "167",
        "1090",
        "229",
        "559",
        "1249",
        "818",
        "343",
        "1119",
        "299",
        "1293",
        "1178",
        "745",
        "1157",
        "337",
        "731",
        "1072",
        "509"
    ],
    "829": [
        "215"
    ],
    "830": [
        "210"
    ],
    "831": [
        "1069",
        "1061",
        "1216",
        "1091",
        "1170",
        "572",
        "1055"
    ],
    "832": [
        "797",
        "707"
    ],
    "833": [
        "236"
    ],
    "834": [
        "1220",
        "1290",
        "1161",
        "1292"
    ],
    "835": [
        "1234"
    ],
    "836": [
        "290"
    ],
    "837": [
        "446"
    ],
    "838": [
        "610"
    ],
    "839": [
        "1113",
        "1162",
        "1229",
        "1061",
        "1146",
        "1170",
        "572",
        "1183"
    ],
    "840": [
        "1246"
    ],
    "841": [
        "1187"
    ],
    "842": [
        "975",
        "337",
        "163",
        "1072",
        "1325"
    ],
    "843": [
        "1297"
    ],
    "844": [
        "1164"
    ],
    "845": [
        "136"
    ],
    "846": [
        "761",
        "797",
        "1170",
        "1091",
        "572",
        "495",
        "261",
        "504",
        "70"
    ],
    "847": [
        "683",
        "665",
        "187",
        "1045",
        "1220",
        "1168",
        "1154",
        "414",
        "559",
        "975",
        "818",
        "770",
        "343",
        "1292",
        "299",
        "1178",
        "1143",
        "1157",
        "56",
        "731",
        "1072"
    ],
    "848": [
        "1189"
    ],
    "849": [
        "1221",
        "783",
        "842",
        "484",
        "1197",
        "666",
        "1043",
        "968",
        "891",
        "1027",
        "1101",
        "920"
    ],
    "850": [
        "1051"
    ],
    "851": [
        "1287"
    ],
    "852": [
        "677"
    ],
    "853": [
        "1021",
        "1220",
        "1018",
        "1157",
        "1178",
        "562",
        "1318",
        "745"
    ],
    "854": [
        "599"
    ],
    "855": [
        "1177"
    ],
    "856": [
        "1085",
        "1161"
    ],
    "857": [
        "1065"
    ],
    "858": [
        "1250",
        "304",
        "291",
        "187",
        "1045",
        "1220",
        "411",
        "1171",
        "1090",
        "1119",
        "1292",
        "163",
        "299",
        "954",
        "1166",
        "1157",
        "337",
        "731",
        "1072"
    ],
    "859": [
        "187",
        "1045",
        "975",
        "1220",
        "1143",
        "1119",
        "163",
        "299",
        "167",
        "731",
        "1090",
        "1072",
        "701",
        "473",
        "1127"
    ],
    "860": [
        "1300",
        "1045",
        "1157",
        "337",
        "1171",
        "1293",
        "229",
        "183"
    ],
    "861": [
        "1103"
    ],
    "862": [
        "304",
        "928",
        "1045",
        "529",
        "1220",
        "1133",
        "411",
        "1130",
        "1171",
        "1090",
        "559",
        "975",
        "1119",
        "1292",
        "1057",
        "1276",
        "1143",
        "1157",
        "337",
        "51",
        "731",
        "1306",
        "1072",
        "390"
    ],
    "863": [
        "1236"
    ],
    "864": [
        "1085",
        "975",
        "1194",
        "343",
        "1057",
        "731",
        "1178",
        "1072",
        "229"
    ],
    "865": [
        "197"
    ],
    "866": [
        "1238"
    ],
    "867": [
        "1290",
        "1145",
        "1045",
        "975",
        "770",
        "1143",
        "1157",
        "337",
        "1151",
        "343",
        "1023",
        "51",
        "1293",
        "1090",
        "1072",
        "1127"
    ],
    "868": [
        "154",
        "1084"
    ],
    "869": [
        "1260"
    ],
    "870": [
        "1251"
    ],
    "871": [
        "174"
    ],
    "872": [
        "1132",
        "975",
        "1086",
        "1143",
        "1157",
        "1126",
        "1119",
        "304",
        "1171",
        "731",
        "1178",
        "1072",
        "1084",
        "1127",
        "509"
    ],
    "873": [
        "555"
    ],
    "874": [
        "1110"
    ],
    "875": [
        "928",
        "1132",
        "909",
        "845",
        "1220",
        "1023",
        "1171",
        "1293",
        "1178",
        "1122",
        "562"
    ],
    "876": [
        "93"
    ],
    "877": [
        "1108"
    ],
    "878": [
        "1175"
    ],
    "879": [
        "1149"
    ],
    "880": [
        "1"
    ],
    "881": [
        "1117"
    ],
    "882": [
        "1192"
    ],
    "883": [
        "648"
    ],
    "884": [
        "1229",
        "1069",
        "1061",
        "1216",
        "1146",
        "572",
        "1140",
        "1183"
    ],
    "885": [
        "280"
    ],
    "886": [
        "1021",
        "1132",
        "411",
        "472",
        "1293",
        "1239"
    ],
    "887": [
        "501",
        "700",
        "304",
        "1194",
        "699",
        "1223",
        "1142",
        "1220",
        "1090",
        "1084",
        "1127",
        "1300",
        "770",
        "184",
        "1119",
        "1292",
        "299",
        "1293",
        "1086",
        "1157",
        "337",
        "1072",
        "509"
    ],
    "888": [
        "1136"
    ],
    "889": [
        "68"
    ],
    "890": [
        "1208"
    ],
    "891": [
        "1188"
    ],
    "892": [
        "227"
    ],
    "893": [
        "1131"
    ],
    "894": [
        "1074"
    ],
    "895": [
        "1029"
    ],
    "896": [
        "1290",
        "683",
        "700",
        "665",
        "699",
        "187",
        "1045",
        "1220",
        "1171",
        "1090",
        "229",
        "975",
        "343",
        "1119",
        "1292",
        "299",
        "1293",
        "954",
        "562",
        "1157",
        "1267",
        "509"
    ],
    "897": [
        "1220",
        "1157",
        "1151",
        "1292",
        "1084",
        "473",
        "1072",
        "229",
        "1127",
        "390"
    ],
    "898": [
        "1076"
    ],
    "899": [
        "1315"
    ],
    "900": [
        "187",
        "1220",
        "1090",
        "1157",
        "337",
        "1130",
        "1143",
        "1171",
        "299",
        "731",
        "1267",
        "1194",
        "1072",
        "473",
        "390"
    ],
    "901": [
        "1220",
        "1292",
        "337"
    ],
    "902": [
        "196"
    ],
    "903": [
        "200"
    ],
    "904": [
        "333"
    ],
    "905": [
        "1257"
    ],
    "906": [
        "1232"
    ],
    "907": [
        "229",
        "770",
        "1220",
        "1157",
        "1178",
        "299",
        "1293",
        "10",
        "1090",
        "1072",
        "473",
        "390"
    ],
    "908": [
        "1080"
    ],
    "909": [
        "547"
    ],
    "910": [
        "1118"
    ],
    "911": [
        "230"
    ],
    "912": [
        "1310"
    ],
    "913": [
        "127"
    ],
    "914": [
        "233"
    ],
    "915": [
        "1156"
    ],
    "916": [
        "464",
        "396",
        "1043",
        "1081",
        "891",
        "558",
        "1101",
        "488",
        "920"
    ],
    "917": [
        "1105"
    ],
    "918": [
        "324"
    ],
    "919": [
        "615"
    ],
    "920": [
        "390",
        "187",
        "1072",
        "975",
        "1143",
        "337",
        "1126",
        "1119",
        "1171",
        "299",
        "167",
        "1293",
        "1178",
        "1122",
        "1064"
    ],
    "921": [
        "1063"
    ],
    "922": [
        "540"
    ],
    "923": [
        "414",
        "187",
        "975",
        "770",
        "411",
        "1157",
        "665",
        "1126",
        "1292",
        "1235",
        "167",
        "1293",
        "1090",
        "213",
        "390"
    ],
    "924": [
        "134"
    ],
    "925": [
        "14",
        "337"
    ],
    "926": [
        "629"
    ],
    "927": [
        "634"
    ],
    "928": [
        "1148"
    ],
    "929": [
        "1098"
    ],
    "930": [
        "303"
    ],
    "931": [
        "1298"
    ],
    "932": [
        "1169"
    ],
    "933": [
        "432"
    ],
    "934": [
        "67"
    ],
    "935": [
        "1304"
    ],
    "936": [
        "545"
    ],
    "937": [
        "550"
    ],
    "938": [
        "1305"
    ],
    "939": [
        "1121"
    ],
    "940": [
        "1158"
    ],
    "941": [
        "1144"
    ],
    "942": [
        "1150"
    ],
    "943": [
        "1176"
    ],
    "944": [
        "130"
    ],
    "945": [
        "1032"
    ],
    "946": [
        "510"
    ],
    "947": [
        "404"
    ],
    "948": [
        "302"
    ],
    "949": [
        "1284"
    ],
    "950": [
        "114"
    ],
    "951": [
        "1180"
    ],
    "952": [
        "536"
    ],
    "953": [
        "123"
    ],
    "954": [
        "1285"
    ],
    "955": [
        "257"
    ],
    "956": [
        "147"
    ],
    "957": [
        "1114"
    ],
    "958": [
        "34"
    ],
    "959": [
        "1044"
    ],
    "960": [
        "898"
    ],
    "961": [
        "259"
    ],
    "962": [
        "1116"
    ],
    "963": [
        "486"
    ],
    "964": [
        "1213"
    ],
    "965": [
        "463"
    ],
    "966": [
        "917"
    ],
    "967": [
        "1326"
    ],
    "968": [
        "1214"
    ],
    "969": [
        "49"
    ],
    "970": [
        "418"
    ],
    "971": [
        "681"
    ],
    "972": [
        "1078"
    ],
    "973": [
        "490"
    ],
    "974": [
        "1320"
    ],
    "975": [
        "182"
    ],
    "976": [
        "507"
    ],
    "977": [
        "1096"
    ],
    "978": [
        "1075"
    ],
    "979": [
        "1099"
    ],
    "980": [
        "1280"
    ],
    "981": [
        "1135"
    ],
    "982": [
        "678"
    ],
    "983": [
        "41"
    ],
    "984": [
        "638"
    ],
    "985": [
        "107"
    ],
    "986": [
        "264"
    ],
    "987": [
        "121"
    ],
    "988": [
        "235"
    ],
    "989": [
        "1054"
    ],
    "990": [
        "1172"
    ],
    "991": [
        "809"
    ],
    "992": [
        "450"
    ],
    "993": [
        "188"
    ],
    "994": [
        "1160"
    ],
    "995": [
        "1048"
    ],
    "996": [
        "1222"
    ],
    "997": [
        "306"
    ],
    "998": [
        "1124"
    ],
    "999": [
        "672"
    ],
    "1000": [
        "32"
    ],
    "1001": [
        "157"
    ],
    "1002": [
        "580"
    ],
    "1003": [
        "1083"
    ],
    "1004": [
        "87"
    ],
    "1005": [
        "1227"
    ],
    "1006": [
        "1047"
    ],
    "1007": [
        "1226"
    ],
    "1008": [
        "55"
    ],
    "1009": [
        "627"
    ],
    "1010": [
        "143"
    ]
}